INSERT INTO VognTable (vognID)
VALUES
(1),
(2),
(3),
(4),
(5);

INSERT INTO SitteVogn (vognID, nRad, nSeterPerKupe)
VALUES 
(1, 3, 4),
(2, 3, 4),
(3, 3, 4),
(4, 3, 4);

INSERT INTO Sete (VognID, SeteNR)
VALUES
(1, 1),
(1, 2),
(1, 3),
(1, 4),
(1, 5),
(1, 6),
(1, 7),
(1, 8),
(1, 9),
(1, 10),
(1, 11),
(1, 12),

(2, 1),
(2, 2),
(2, 3),
(2, 4),
(2, 5),
(2, 6),
(2, 7),
(2, 8),
(2, 9),
(2, 10),
(2, 11),
(2, 12),

(3, 1),
(3, 2),
(3, 3),
(3, 4),
(3, 5),
(3, 6),
(3, 7),
(3, 8),
(3, 9),
(3, 10),
(3, 11),
(3, 12),

(4, 1),
(4, 2),
(4, 3),
(4, 4),
(4, 5),
(4, 6),
(4, 7),
(4, 8),
(4, 9),
(4, 10),
(4, 11),
(4, 12);

INSERT INTO SoveVogn (vognID, nKupe, nSengPerKupe)
VALUES
(5, 4, 2);

INSERT INTO Stasjon (stasjonID, navn, moh)
VALUES 
(1, "Bodo", 4.1),
(2, "Fauske", 34.0),
(3, "Mo i Rana", 3.5),
(4, "Mosjoen", 6.8),
(5, "Steinkjer", 3.6),
(6, "Trondheim", 5.1);


INSERT INTO Delstrekning (delstrekningID, startStasjonID, endeStasjonID, lengde, sporType)
VALUES 
(1, 1, 2, 60, "enkeltspor"),
(2, 2, 1, 60, "enkeltspor"),
(3, 2, 3, 170, "enkeltspor"),
(4, 3, 2, 170, "enkeltspor"),
(5, 3, 4, 90, "enkeltspor"),
(6, 4, 3, 90, "enkeltspor"),
(7, 4, 5, 280, "enkeltspor"),
(8, 5, 4, 280, "enkeltspor"),
(9, 5, 6, 120, "dobbeltspor"),
(10, 6, 5, 120, "dobbeltspor");

INSERT INTO Kupe (VognID, KupeNR)
VALUES
(5, 1),
(5, 2),
(5, 3),
(5, 4);

INSERT INTO Operator (operatorID, navn)
VALUES 
(1, "SJ");


INSERT INTO Banestrekning (baneStrekningID, forsteStrekning, sisteStrekning, navn, fremdriftEnergi, erHovedrettning)
VALUES
(1, 1, 9, "Nordlandsbanen", "diesel", FALSE),
(2, 10, 2, "Nordlandsbanen", "diesel", TRUE);

INSERT INTO StrekningPaaBanestrekning (baneStrekningID, delStrekningID)
VALUES
(1, 1), /* Har lagt inn første her... */
(1, 3),
(1, 5),
(1, 7),
(1, 9), /* ...og siste her */

(2, 10),
(2, 8),
(2, 6),
(2, 4),
(2, 2);


INSERT INTO Togrute (togRuteID, baneStrekningID, operatorID)
VALUES 
(1, 1, 1),
(2, 2, 1);

INSERT INTO VognITog 
VALUES
(1, 2, 1),
(2, 2, 2),
(3, 2, 1),
(5, 2, 2),
(4, 1, 1);

INSERT INTO TogruteForekomst (togruteForekomstID, togRuteID, ukedag, startStasjonID, avgang, endeStasjonID, ankomst)
VALUES
(1, 2, "mandag", 6, '07:49:00', 1, '17:34:00'),
(2, 2, "tirsdag", 6, '07:49:00', 1, '17:34:00'),
(3, 2, "onsdag", 6, '07:49:00', 1, '17:34:00'),
(4, 2, "torsdag", 6, '07:49:00', 1, '17:34:00'),
(5, 2, "fredag", 6, '07:49:00', 1, '17:34:00'),
(6, 2, "mandag", 6, '23:05:00', 1, '09:05:00'),
(7, 2, "tirsdag", 6, '23:05:00', 1, '09:05:00'),
(8, 2, "onsdag", 6, '23:05:00', 1, '09:05:00'),
(9, 2, "torsdag", 6, '23:05:00', 1, '09:05:00'),
(10, 2, "fredag", 6, '23:05:00', 1, '09:05:00'),
(11, 2, "lørdag", 6, '23:05:00', 1, '09:05:00'),
(12, 2, "søndag", 6, '23:05:00', 1, '09:05:00'),
(13, 1, "mandag", 3, '08:11:00', 6, '14:13:00'),
(14, 1, "tirsdag", 3, '08:11:00', 6, '14:13:00'),
(15, 1, "onsdag", 3, '08:11:00', 6, '14:13:00'),
(16, 1, "torsdag", 3, '08:11:00', 6, '14:13:00'),
(17, 1, "fredag", 3, '08:11:00', 6, '14:13:00');

INSERT INTO StoppPaa
VALUES
/* Antar at hvert tog blir på stasjonen i 2 min */
(1, 6, NULL, '07:49:00', 0),
(1, 5, '09:51:00', '09:53:00', 0), 
(1, 4, '13:20:00', '13:22:00', 0),
(1, 3, '14:31:00', '14:33:00', 0),
(1, 2, '16:49:00', '16:51:00', 0),
(1, 1, '17:34:00', NULL, 0),

(2, 6, NULL, '07:49:00', 0),
(2, 5, '09:51:00', '09:53:00', 0), 
(2, 4, '13:20:00', '13:22:00', 0),
(2, 3, '14:31:00', '14:33:00', 0),
(2, 2, '16:49:00', '16:51:00', 0),
(2, 1, '17:34:00', NULL, 0),

(3, 6, NULL, '07:49:00', 0),
(3, 5, '09:51:00', '09:53:00', 0), 
(3, 4, '13:20:00', '13:22:00', 0),
(3, 3, '14:31:00', '14:33:00', 0),
(3, 2, '16:49:00', '16:51:00', 0),
(3, 1, '17:34:00', NULL, 0),

(4, 6, NULL, '07:49:00', 0),
(4, 5, '09:51:00', '09:53:00', 0), 
(4, 4, '13:20:00', '13:22:00', 0),
(4, 3, '14:31:00', '14:33:00', 0),
(4, 2, '16:49:00', '16:51:00', 0),
(4, 1, '17:34:00', NULL, 0),

(5, 6, NULL, '07:49:00', 0),
(5, 5, '09:51:00', '09:53:00', 0), 
(5, 4, '13:20:00', '13:22:00', 0),
(5, 3, '14:31:00', '14:33:00', 0),
(5, 2, '16:49:00', '16:51:00', 0),
(5, 1, '17:34:00', NULL, 0),


(6, 6, NULL, '23:05:00', 0),
(6, 5, '00:57:00', '00:59:00', 1),
(6, 4, '04:41:00', '04:43:00', 1),
(6, 3, '05:55:00', '05:57:00', 1),
(6, 2, '08:19:00', '08:21:00', 1),
(6, 1, '09:05:00', NULL, 1),

(7, 6, NULL, '23:05:00', 0),
(7, 5, '00:57:00', '00:59:00', 1),
(7, 4, '04:41:00', '04:43:00', 1),
(7, 3, '05:55:00', '05:57:00', 1),
(7, 2, '08:19:00', '08:21:00', 1),
(7, 1, '09:05:00', NULL, 1),

(8, 6, NULL, '23:05:00', 0),
(8, 5, '00:57:00', '00:59:00', 1),
(8, 4, '04:41:00', '04:43:00', 1),
(8, 3, '05:55:00', '05:57:00', 1),
(8, 2, '08:19:00', '08:21:00', 1),
(8, 1, '09:05:00', NULL, 1),

(9, 6, NULL, '23:05:00', 0),
(9, 5, '00:57:00', '00:59:00', 1),
(9, 4, '04:41:00', '04:43:00', 1),
(9, 3, '05:55:00', '05:57:00', 1),
(9, 2, '08:19:00', '08:21:00', 1),
(9, 1, '09:05:00', NULL, 1),

(10, 6, NULL, '23:05:00', 0),
(10, 5, '00:57:00', '00:59:00', 1),
(10, 4, '04:41:00', '04:43:00', 1),
(10, 3, '05:55:00', '05:57:00', 1),
(10, 2, '08:19:00', '08:21:00', 1),
(10, 1, '09:05:00', NULL, 1),

(12, 6, NULL, '23:05:00', 0),
(12, 5, '00:57:00', '00:59:00', 1),
(12, 4, '04:41:00', '04:43:00', 1),
(12, 3, '05:55:00', '05:57:00', 1),
(12, 2, '08:19:00', '08:21:00', 1),
(12, 1, '09:05:00', NULL, 1),

(13, 1, NULL, '08:11:00', 0),
(13, 2, '09:14:00', '09:16:00', 0),
(13, 3, '12:31:00', '12:22:00', 0),
(13, 4, '14:31:00', NULL, 0),

(14, 1, NULL, '08:11:00', 0),
(14, 2, '09:14:00', '09:16:00', 0),
(14, 3, '12:31:00', '12:22:00', 0),
(14, 4, '14:31:00', NULL, 0),

(15, 1, NULL, '08:11:00', 0),
(15, 2, '09:14:00', '09:16:00', 0),
(15, 3, '12:31:00', '12:22:00', 0),
(15, 4, '14:31:00', NULL, 0),

(16, 1, NULL, '08:11:00', 0),
(16, 2, '09:14:00', '09:16:00', 0),
(16, 3, '12:31:00', '12:22:00', 0),
(16, 4, '14:31:00', NULL, 0),

(17, 1, NULL, '08:11:00', 0),
(17, 2, '09:14:00', '09:16:00', 0),
(17, 3, '12:31:00', '12:22:00', 0),
(17, 4, '14:31:00', NULL, 0);